{
  "images" : [
    {
      "idiom" : "iphone",
      "scale" : "1x"
    },
    {
      "idiom" : "iphone",
      "scale" : "2x",
      "filename" : "home icons-17-04.png"
    },
    {
      "idiom" : "iphone",
      "scale" : "3x",
      "filename" : "home icons-04-1.png"
    },
    {
      "idiom" : "ipad",
      "scale" : "1x",
      "filename" : "home icons-19.png"
    },
    {
      "idiom" : "ipad",
      "scale" : "2x",
      "filename" : "home icons-35.png"
    }
  ],
  "info" : {
    "version" : 1,
    "author" : "xcode"
  }
}